symbol,base_asset,quote_asset
ETHBTC,ETH,BTC
LTCBTC,LTC,BTC
BNBBTC,BNB,BTC
BTCUSDT,BTC,USDT
ETHUSDT,ETH,USDT
TRXBTC,TRX,BTC
XRPBTC,XRP,BTC
BNBUSDT,BNB,USDT
LTCUSDT,LTC,USDT
LTCBNB,LTC,BNB
XRPUSDT,XRP,USDT
XRPBNB,XRP,BNB
TRXBNB,TRX,BNB
TRXUSDT,TRX,USDT
NEOBTC,NEO,BTC
QTUMETH,QTUM,ETH
EOSETH,EOS,ETH
SNTETH,SNT,ETH
BNTETH,BNT,ETH
GASBTC,GAS,BTC
BNBETH,BNB,ETH
LRCBTC,LRC,BTC
LRCETH,LRC,ETH
QTUMBTC,QTUM,BTC
ZRXBTC,ZRX,BTC
KNCBTC,KNC,BTC
IOTABTC,IOTA,BTC
IOTAETH,IOTA,ETH
LINKBTC,LINK,BTC
LINKETH,LINK,ETH
XVGETH,XVG,ETH
MTLBTC,MTL,BTC
EOSBTC,EOS,BTC
SNTBTC,SNT,BTC
ETCETH,ETC,ETH
ETCBTC,ETC,BTC
ZECBTC,ZEC,BTC
ZECETH,ZEC,ETH
DASHBTC,DASH,BTC
DASHETH,DASH,ETH
OAXBTC,OAX,BTC
REQBTC,REQ,BTC
VIBBTC,VIB,BTC
TRXETH,TRX,ETH
POWRBTC,POWR,BTC
POWRETH,POWR,ETH
XRPETH,XRP,ETH
ENJBTC,ENJ,BTC
ENJETH,ENJ,ETH
STORJBTC,STORJ,BTC
KMDBTC,KMD,BTC
NULSBTC,NULS,BTC
BATBTC,BAT,BTC
NEOUSDT,NEO,USDT
LSKBTC,LSK,BTC
MANABTC,MANA,BTC
MANAETH,MANA,ETH
ADXBTC,ADX,BTC
ADXETH,ADX,ETH
ADABTC,ADA,BTC
ADAETH,ADA,ETH
XLMBTC,XLM,BTC
XLMETH,XLM,ETH
LTCETH,LTC,ETH
ICXBTC,ICX,BTC
ELFBTC,ELF,BTC
ELFETH,ELF,ETH
RLCBTC,RLC,BTC
RLCETH,RLC,ETH
PIVXBTC,PIVX,BTC
STEEMBTC,STEEM,BTC
STEEMETH,STEEM,ETH
BLZBTC,BLZ,BTC
ZILBTC,ZIL,BTC
ZILETH,ZIL,ETH
ONTBTC,ONT,BTC
QTUMUSDT,QTUM,USDT
WANBTC,WAN,BTC
SYSBTC,SYS,BTC
ADAUSDT,ADA,USDT
ADABNB,ADA,BNB
BTCTUSD,BTC,TUSD
ETHTUSD,ETH,TUSD
ZENBTC,ZEN,BTC
ZENETH,ZEN,ETH
EOSUSDT,EOS,USDT
THETABTC,THETA,BTC
THETAETH,THETA,ETH
TUSDUSDT,TUSD,USDT
IOTAUSDT,IOTA,USDT
XLMUSDT,XLM,USDT
IOTXBTC,IOTX,BTC
IOTXETH,IOTX,ETH
QKCBTC,QKC,BTC
DATABTC,DATA,BTC
ONTUSDT,ONT,USDT
ETCUSDT,ETC,USDT
ETCBNB,ETC,BNB
ICXUSDT,ICX,USDT
SCETH,SC,ETH
DENTETH,DENT,ETH
ARDRBTC,ARDR,BTC
NULSUSDT,NULS,USDT
HOTETH,HOT,ETH
VETBTC,VET,BTC
VETETH,VET,ETH
VETUSDT,VET,USDT
VETBNB,VET,BNB
RVNBTC,RVN,BTC
DCRBTC,DCR,BTC
RENBTC,REN,BTC
BNBTUSD,BNB,TUSD
XRPTUSD,XRP,TUSD
BNBUSDC,BNB,USDC
BTCUSDC,BTC,USDC
ETHUSDC,ETH,USDC
XRPUSDC,XRP,USDC
EOSUSDC,EOS,USDC
USDCUSDT,USDC,USDT
TRXXRP,TRX,XRP
LINKUSDT,LINK,USDT
LINKUSDC,LINK,USDC
LTCUSDC,LTC,USDC
TRXUSDC,TRX,USDC
ONGBTC,ONG,BTC
ONGUSDT,ONG,USDT
HOTUSDT,HOT,USDT
ZILUSDT,ZIL,USDT
ZRXUSDT,ZRX,USDT
FETBNB,FET,BNB
FETBTC,FET,BTC
FETUSDT,FET,USDT
BATUSDT,BAT,USDT
ZECUSDT,ZEC,USDT
IOSTUSDT,IOST,USDT
CELRBTC,CELR,BTC
CELRUSDT,CELR,USDT
ADAUSDC,ADA,USDC
NEOUSDC,NEO,USDC
DASHUSDT,DASH,USDT
THETAUSDT,THETA,USDT
ENJUSDT,ENJ,USDT
ATOMBTC,ATOM,BTC
ATOMUSDT,ATOM,USDT
ATOMUSDC,ATOM,USDC
PHBBTC,PHB,BTC
TFUELBTC,TFUEL,BTC
TFUELUSDT,TFUEL,USDT
ONEBTC,ONE,BTC
ONEUSDT,ONE,USDT
FTMBNB,FTM,BNB
FTMBTC,FTM,BTC
FTMUSDT,FTM,USDT
FTMUSDC,FTM,USDC
ALGOBTC,ALGO,BTC
ALGOUSDT,ALGO,USDT
ALGOUSDC,ALGO,USDC
DOGEBTC,DOGE,BTC
DOGEUSDT,DOGE,USDT
DOGEUSDC,DOGE,USDC
DUSKBTC,DUSK,BTC
DUSKUSDT,DUSK,USDT
ANKRBTC,ANKR,BTC
ANKRUSDT,ANKR,USDT
ONTUSDC,ONT,USDC
WINBNB,WIN,BNB
WINUSDT,WIN,USDT
COSBTC,COS,BTC
COSUSDT,COS,USDT
MTLUSDT,MTL,USDT
DENTUSDT,DENT,USDT
KEYUSDT,KEY,USDT
WANUSDT,WAN,USDT
FUNUSDT,FUN,USDT
CVCUSDT,CVC,USDT
WINTRX,WIN,TRX
CHZBNB,CHZ,BNB
CHZBTC,CHZ,BTC
CHZUSDT,CHZ,USDT
BANDBTC,BAND,BTC
BANDUSDT,BAND,USDT
XTZBTC,XTZ,BTC
XTZUSDT,XTZ,USDT
RENUSDT,REN,USDT
RVNUSDT,RVN,USDT
HBARBNB,HBAR,BNB
HBARBTC,HBAR,BTC
HBARUSDT,HBAR,USDT
NKNBTC,NKN,BTC
NKNUSDT,NKN,USDT
STXBNB,STX,BNB
STXBTC,STX,BTC
STXUSDT,STX,USDT
KAVABTC,KAVA,BTC
KAVAUSDT,KAVA,USDT
ARPABTC,ARPA,BTC
ARPAUSDT,ARPA,USDT
IOTXUSDT,IOTX,USDT
RLCUSDT,RLC,USDT
CTXCBTC,CTXC,BTC
CTXCUSDT,CTXC,USDT
BCHBNB,BCH,BNB
BCHBTC,BCH,BTC
BCHUSDT,BCH,USDT
BCHUSDC,BCH,USDC
TROYUSDT,TROY,USDT
VITEBTC,VITE,BTC
VITEUSDT,VITE,USDT
FTTUSDT,FTT,USDT
BTCTRY,BTC,TRY
BNBTRY,BNB,TRY
ETHTRY,ETH,TRY
XRPTRY,XRP,TRY
USDTTRY,USDT,TRY
BTCEUR,BTC,EUR
ETHEUR,ETH,EUR
BNBEUR,BNB,EUR
XRPEUR,XRP,EUR
EURUSDT,EUR,USDT
OGNBTC,OGN,BTC
OGNUSDT,OGN,USDT
WRXUSDT,WRX,USDT
LSKUSDT,LSK,USDT
BNTUSDT,BNT,USDT
LTOBTC,LTO,BTC
LTOUSDT,LTO,USDT
MBLUSDT,MBL,USDT
COTIBTC,COTI,BTC
COTIUSDT,COTI,USDT
STPTBTC,STPT,BTC
STPTUSDT,STPT,USDT
BTCZAR,BTC,ZAR
ETHZAR,ETH,ZAR
USDTZAR,USDT,ZAR
DATAUSDT,DATA,USDT
SOLBNB,SOL,BNB
SOLBTC,SOL,BTC
SOLUSDT,SOL,USDT
USDTIDRT,USDT,IDRT
CTSIBTC,CTSI,BTC
CTSIUSDT,CTSI,USDT
HIVEBTC,HIVE,BTC
HIVEUSDT,HIVE,USDT
CHRBTC,CHR,BTC
CHRUSDT,CHR,USDT
ARDRUSDT,ARDR,USDT
MDTBTC,MDT,BTC
MDTUSDT,MDT,USDT
STMXUSDT,STMX,USDT
KNCUSDT,KNC,USDT
LRCUSDT,LRC,USDT
BTCUAH,BTC,UAH
USDTUAH,USDT,UAH
COMPBTC,COMP,BTC
COMPUSDT,COMP,USDT
SCUSDT,SC,USDT
ZENUSDT,ZEN,USDT
SXPBTC,SXP,BTC
SNXBTC,SNX,BTC
SNXUSDT,SNX,USDT
VTHOUSDT,VTHO,USDT
DGBUSDT,DGB,USDT
SXPUSDT,SXP,USDT
IRISBTC,IRIS,BTC
MKRBTC,MKR,BTC
MKRUSDT,MKR,USDT
RUNEBNB,RUNE,BNB
RUNEBTC,RUNE,BTC
DCRUSDT,DCR,USDT
STORJUSDT,STORJ,USDT
FIOBTC,FIO,BTC
AVABTC,AVA,BTC
MANAUSDT,MANA,USDT
YFIBTC,YFI,BTC
YFIUSDT,YFI,USDT
BALUSDT,BAL,USDT
BLZUSDT,BLZ,USDT
IRISUSDT,IRIS,USDT
KMDUSDT,KMD,USDT
BTCDAI,BTC,DAI
ETHDAI,ETH,DAI
USDTDAI,USDT,DAI
JSTBTC,JST,BTC
JSTUSDT,JST,USDT
CRVBTC,CRV,BTC
CRVUSDT,CRV,USDT
SANDBTC,SAND,BTC
SANDUSDT,SAND,USDT
NMRBTC,NMR,BTC
NMRUSDT,NMR,USDT
DOTBNB,DOT,BNB
DOTBTC,DOT,BTC
DOTUSDT,DOT,USDT
LUNAUSDT,LUNA,USDT
IDEXBTC,IDEX,BTC
RSRUSDT,RSR,USDT
PAXGBTC,PAXG,BTC
PAXGUSDT,PAXG,USDT
TRBBTC,TRB,BTC
TRBUSDT,TRB,USDT
WBTCBTC,WBTC,BTC
WBTCETH,WBTC,ETH
SUSHIBTC,SUSHI,BTC
SUSHIUSDT,SUSHI,USDT
KSMBTC,KSM,BTC
KSMUSDT,KSM,USDT
EGLDBNB,EGLD,BNB
EGLDBTC,EGLD,BTC
EGLDUSDT,EGLD,USDT
DIABTC,DIA,BTC
DIAUSDT,DIA,USDT
RUNEUSDT,RUNE,USDT
FIOUSDT,FIO,USDT
UMABTC,UMA,BTC
UMAUSDT,UMA,USDT
LINKTRY,LINK,TRY
BELBTC,BEL,BTC
BELUSDT,BEL,USDT
WINGUSDT,WING,USDT
UNIBTC,UNI,BTC
UNIUSDT,UNI,USDT
OXTBTC,OXT,BTC
OXTUSDT,OXT,USDT
SUNUSDT,SUN,USDT
AVAXBNB,AVAX,BNB
AVAXBTC,AVAX,BTC
AVAXUSDT,AVAX,USDT
FLMBTC,FLM,BTC
FLMUSDT,FLM,USDT
SCRTBTC,SCRT,BTC
CAKEBNB,CAKE,BNB
SXPTRY,SXP,TRY
UTKBTC,UTK,BTC
UTKUSDT,UTK,USDT
XVSBNB,XVS,BNB
XVSBTC,XVS,BTC
XVSUSDT,XVS,USDT
ALPHABTC,ALPHA,BTC
ALPHAUSDT,ALPHA,USDT
VIDTBTC,VIDT,BTC
BTCBRL,BTC,BRL
USDTBRL,USDT,BRL
AAVEBTC,AAVE,BTC
AAVEETH,AAVE,ETH
AAVEUSDT,AAVE,USDT
NEARBNB,NEAR,BNB
NEARBTC,NEAR,BTC
NEARUSDT,NEAR,USDT
FILBTC,FIL,BTC
FILUSDT,FIL,USDT
INJBNB,INJ,BNB
INJBTC,INJ,BTC
INJUSDT,INJ,USDT
LINKEUR,LINK,EUR
AUDIOBTC,AUDIO,BTC
AUDIOUSDT,AUDIO,USDT
CTKBNB,CTK,BNB
CTKBTC,CTK,BTC
CTKUSDT,CTK,USDT
ETHBRL,ETH,BRL
DOTEUR,DOT,EUR
AKROUSDT,AKRO,USDT
AXSBNB,AXS,BNB
AXSBTC,AXS,BTC
AXSUSDT,AXS,USDT
HARDUSDT,HARD,USDT
BNBBRL,BNB,BRL
LTCEUR,LTC,EUR
SLPETH,SLP,ETH
ADAEUR,ADA,EUR
STRAXBTC,STRAX,BTC
STRAXUSDT,STRAX,USDT
UNFIBTC,UNFI,BTC
UNFIUSDT,UNFI,USDT
ROSEBTC,ROSE,BTC
ROSEUSDT,ROSE,USDT
AVAXTRY,AVAX,TRY
AVAUSDT,AVA,USDT
XRPBRL,XRP,BRL
SKLBTC,SKL,BTC
SKLUSDT,SKL,USDT
BCHEUR,BCH,EUR
GLMBTC,GLM,BTC
LINKBRL,LINK,BRL
TRXTRY,TRX,TRY
XLMEUR,XLM,EUR
GRTBTC,GRT,BTC
GRTETH,GRT,ETH
GRTUSDT,GRT,USDT
JUVUSDT,JUV,USDT
PSGUSDT,PSG,USDT
1INCHBTC,1INCH,BTC
1INCHUSDT,1INCH,USDT
OGBTC,OG,BTC
OGUSDT,OG,USDT
ATMUSDT,ATM,USDT
ASRUSDT,ASR,USDT
CELOBTC,CELO,BTC
CELOUSDT,CELO,USDT
RIFBTC,RIF,BTC
RIFUSDT,RIF,USDT
CHZTRY,CHZ,TRY
XLMTRY,XLM,TRY
GRTEUR,GRT,EUR
TRUBTC,TRU,BTC
TRUUSDT,TRU,USDT
LTCBRL,LTC,BRL
CKBUSDT,CKB,USDT
TWTBTC,TWT,BTC
TWTUSDT,TWT,USDT
FIROUSDT,FIRO,USDT
DOGEEUR,DOGE,EUR
DOGETRY,DOGE,TRY
DOGEBRL,DOGE,BRL
LITBTC,LIT,BTC
LITUSDT,LIT,USDT
SFPBTC,SFP,BTC
SFPUSDT,SFP,USDT
DOTTRY,DOT,TRY
FXSBTC,FXS,BTC
DODOBTC,DODO,BTC
DODOUSDT,DODO,USDT
CAKEBTC,CAKE,BTC
CAKEUSDT,CAKE,USDT
ACMUSDT,ACM,USDT
AUCTIONBTC,AUCTION,BTC
PHABTC,PHA,BTC
ADATRY,ADA,TRY
ADABRL,ADA,BRL
BADGERBTC,BADGER,BTC
BADGERUSDT,BADGER,USDT
FISBTC,FIS,BTC
FISUSDT,FIS,USDT
DOTBRL,DOT,BRL
HOTTRY,HOT,TRY
EGLDEUR,EGLD,EUR
OMBTC,OM,BTC
OMUSDT,OM,USDT
PONDBTC,POND,BTC
PONDUSDT,POND,USDT
DEGOUSDT,DEGO,USDT
AVAXEUR,AVAX,EUR
ALICEBTC,ALICE,BTC
ALICEUSDT,ALICE,USDT
LINAUSDT,LINA,USDT
NEOTRY,NEO,TRY
PERPBTC,PERP,BTC
PERPUSDT,PERP,USDT
SUPERBTC,SUPER,BTC
SUPERUSDT,SUPER,USDT
CFXBTC,CFX,BTC
CFXUSDT,CFX,USDT
EOSTRY,EOS,TRY
RVNTRY,RVN,TRY
TKOBTC,TKO,BTC
TKOUSDT,TKO,USDT
PUNDIXUSDT,PUNDIX,USDT
WINEUR,WIN,EUR
TLMBTC,TLM,BTC
TLMUSDT,TLM,USDT
BNBUAH,BNB,UAH
ONTTRY,ONT,TRY
VETEUR,VET,EUR
BARUSDT,BAR,USDT
FORTHBTC,FORTH,BTC
FORTHUSDT,FORTH,USDT
BAKEUSDT,BAKE,USDT
BURGERUSDT,BURGER,USDT
SLPUSDT,SLP,USDT
TRXEUR,TRX,EUR
VETTRY,VET,TRY
SHIBUSDT,SHIB,USDT
ICPBTC,ICP,BTC
ICPUSDT,ICP,USDT
SHIBEUR,SHIB,EUR
ARBTC,AR,BTC
ARUSDT,AR,USDT
MASKBNB,MASK,BNB
MASKUSDT,MASK,USDT
LPTBTC,LPT,BTC
LPTBNB,LPT,BNB
LPTUSDT,LPT,USDT
ETHUAH,ETH,UAH
SOLEUR,SOL,EUR
SHIBBRL,SHIB,BRL
ICPEUR,ICP,EUR
SHIBTRY,SHIB,TRY
XVGUSDT,XVG,USDT
ATABTC,ATA,BTC
ATAUSDT,ATA,USDT
GTCBTC,GTC,BTC
GTCUSDT,GTC,USDT
BAKEBTC,BAKE,BTC
SOLTRY,SOL,TRY
SOLBRL,SOL,BRL
ERNUSDT,ERN,USDT
PHAUSDT,PHA,USDT
MLNBTC,MLN,BTC
MLNUSDT,MLN,USDT
GRTTRY,GRT,TRY
DEXEUSDT,DEXE,USDT
C98USDT,C98,USDT
C98BTC,C98,BTC
CLVBTC,CLV,BTC
CLVUSDT,CLV,USDT
QNTBTC,QNT,BTC
QNTUSDT,QNT,USDT
FLOWBTC,FLOW,BTC
FLOWUSDT,FLOW,USDT
MINABTC,MINA,BTC
MINAUSDT,MINA,USDT
RAYBNB,RAY,BNB
RAYUSDT,RAY,USDT
FARMUSDT,FARM,USDT
ALPACAUSDT,ALPACA,USDT
TLMTRY,TLM,TRY
QUICKUSDT,QUICK,USDT
MBOXBTC,MBOX,BTC
MBOXUSDT,MBOX,USDT
REQUSDT,REQ,USDT
GHSTUSDT,GHST,USDT
WAXPUSDT,WAXP,USDT
WAXPBTC,WAXP,BTC
GNOUSDT,GNO,USDT
ARPATRY,ARPA,TRY
XECUSDT,XEC,USDT
ELFUSDT,ELF,USDT
DYDXUSDT,DYDX,USDT
DYDXBTC,DYDX,BTC
IDEXUSDT,IDEX,USDT
VIDTUSDT,VIDT,USDT
USDPUSDT,USDP,USDT
GALAUSDT,GALA,USDT
GALABNB,GALA,BNB
GALABTC,GALA,BTC
ILVUSDT,ILV,USDT
ILVBTC,ILV,BTC
YGGUSDT,YGG,USDT
YGGBTC,YGG,BTC
SYSUSDT,SYS,USDT
DFUSDT,DF,USDT
SOLUSDC,SOL,USDC
FIDAUSDT,FIDA,USDT
FIDABTC,FIDA,BTC
AGLDBTC,AGLD,BTC
AGLDUSDT,AGLD,USDT
RADBTC,RAD,BTC
RADUSDT,RAD,USDT
BETAUSDT,BETA,USDT
RAREBTC,RARE,BTC
RAREUSDT,RARE,USDT
AVAXBRL,AVAX,BRL
AXSETH,AXS,ETH
FTMETH,FTM,ETH
SOLETH,SOL,ETH
SSVBTC,SSV,BTC
SSVETH,SSV,ETH
LAZIOTRY,LAZIO,TRY
LAZIOUSDT,LAZIO,USDT
CHESSUSDT,CHESS,USDT
ADXUSDT,ADX,USDT
AUCTIONUSDT,AUCTION,USDT
SHIBDOGE,SHIB,DOGE
DARUSDT,DAR,USDT
DARBTC,DAR,BTC
BNXBTC,BNX,BTC
BNXUSDT,BNX,USDT
MANATRY,MANA,TRY
MOVRBTC,MOVR,BTC
MOVRUSDT,MOVR,USDT
CITYUSDT,CITY,USDT
ENSBTC,ENS,BTC
ENSUSDT,ENS,USDT
DOTETH,DOT,ETH
SANDTRY,SAND,TRY
KP3RUSDT,KP3R,USDT
QIUSDT,QI,USDT
QIBTC,QI,BTC
PORTOUSDT,PORTO,USDT
PORTOTRY,PORTO,TRY
POWRUSDT,POWR,USDT
AVAXETH,AVAX,ETH
SLPTRY,SLP,TRY
LRCTRY,LRC,TRY
GALAETH,GALA,ETH
JASMYUSDT,JASMY,USDT
AMPUSDT,AMP,USDT
PYRBTC,PYR,BTC
PYRUSDT,PYR,USDT
ALCXUSDT,ALCX,USDT
SANTOSBTC,SANTOS,BTC
SANTOSUSDT,SANTOS,USDT
SANTOSTRY,SANTOS,TRY
BELTRY,BEL,TRY
DENTTRY,DENT,TRY
ENJTRY,ENJ,TRY
BICOBTC,BICO,BTC
BICOUSDT,BICO,USDT
FLUXBTC,FLUX,BTC
FLUXUSDT,FLUX,USDT
ALICETRY,ALICE,TRY
FXSUSDT,FXS,USDT
GALABRL,GALA,BRL
GALATRY,GALA,TRY
LUNATRY,LUNA,TRY
VOXELUSDT,VOXEL,USDT
FTMTRY,FTM,TRY
MINATRY,MINA,TRY
HIGHBTC,HIGH,BTC
HIGHUSDT,HIGH,USDT
CVXUSDT,CVX,USDT
PEOPLEBTC,PEOPLE,BTC
PEOPLEUSDT,PEOPLE,USDT
OOKIUSDT,OOKI,USDT
LINKBNB,LINK,BNB
SPELLUSDT,SPELL,USDT
JOEBTC,JOE,BTC
JOEUSDT,JOE,USDT
ATOMETH,ATOM,ETH
EGLDETH,EGLD,ETH
ICPETH,ICP,ETH
NEARETH,NEAR,ETH
ATOMTRY,ATOM,TRY
ACHBTC,ACH,BTC
ACHUSDT,ACH,USDT
IMXBTC,IMX,BTC
IMXUSDT,IMX,USDT
GLMRBTC,GLMR,BTC
GLMRUSDT,GLMR,USDT
ICPTRY,ICP,TRY
ROSEETH,ROSE,ETH
UNIETH,UNI,ETH
LOKABTC,LOKA,BTC
LOKAUSDT,LOKA,USDT
ROSETRY,ROSE,TRY
SCRTUSDT,SCRT,USDT
API3BTC,API3,BTC
API3USDT,API3,USDT
BTTCUSDT,BTTC,USDT
BTTCTRY,BTTC,TRY
ACABTC,ACA,BTC
ACAUSDT,ACA,USDT
XNOBTC,XNO,BTC
XNOUSDT,XNO,USDT
COSTRY,COS,TRY
ONETRY,ONE,TRY
WOOBTC,WOO,BTC
WOOUSDT,WOO,USDT
SPELLTRY,SPELL,TRY
AXSTRY,AXS,TRY
DARTRY,DAR,TRY
NEARTRY,NEAR,TRY
ALPINETRY,ALPINE,TRY
ALPINEUSDT,ALPINE,USDT
TUSDT,T,USDT
INJTRY,INJ,TRY
ASTRUSDT,ASTR,USDT
API3TRY,API3,TRY
MBOXTRY,MBOX,TRY
GMTBTC,GMT,BTC
GMTUSDT,GMT,USDT
ATOMEUR,ATOM,EUR
GALAEUR,GALA,EUR
UMATRY,UMA,TRY
KDABTC,KDA,BTC
KDAUSDT,KDA,USDT
APEUSDT,APE,USDT
APEBTC,APE,BTC
NEAREUR,NEAR,EUR
TWTTRY,TWT,TRY
APETRY,APE,TRY
BSWUSDT,BSW,USDT
JASMYTRY,JASMY,TRY
BIFIUSDT,BIFI,USDT
GMTEUR,GMT,EUR
RUNEETH,RUNE,ETH
FILTRY,FIL,TRY
FTMEUR,FTM,EUR
ZILTRY,ZIL,TRY
GMTTRY,GMT,TRY
ASTRBTC,ASTR,BTC
BSWTRY,BSW,TRY
STEEMUSDT,STEEM,USDT
AUDIOTRY,AUDIO,TRY
NEXOUSDT,NEXO,USDT
NEXOBTC,NEXO,BTC
REIUSDT,REI,USDT
LDOUSDT,LDO,USDT
LDOBTC,LDO,BTC
ENSTRY,ENS,TRY
ALGOTRY,ALGO,TRY
OPBTC,OP,BTC
OPUSDT,OP,USDT
OPEUR,OP,EUR
LEVERUSDT,LEVER,USDT
STORJTRY,STORJ,TRY
OPETH,OP,ETH
ETCTRY,ETC,TRY
FILETH,FIL,ETH
STGBTC,STG,BTC
STGUSDT,STG,USDT
ANKRTRY,ANKR,TRY
LUNCUSDT,LUNC,USDT
GMXUSDT,GMX,USDT
POLYXBTC,POLYX,BTC
POLYXUSDT,POLYX,USDT
APTBTC,APT,BTC
APTUSDT,APT,USDT
BTCPLN,BTC,PLN
ETHPLN,ETH,PLN
APTEUR,APT,EUR
APTTRY,APT,TRY
OSMOUSDT,OSMO,USDT
HFTBTC,HFT,BTC
HFTUSDT,HFT,USDT
PHBUSDT,PHB,USDT
HOOKUSDT,HOOK,USDT
MAGICBTC,MAGIC,BTC
MAGICUSDT,MAGIC,USDT
HIFIUSDT,HIFI,USDT
RPLUSDT,RPL,USDT
PROSUSDT,PROS,USDT
FETTRY,FET,TRY
APTETH,APT,ETH
BTCRON,BTC,RON
GNSUSDT,GNS,USDT
SYNUSDT,SYN,USDT
VIBUSDT,VIB,USDT
SSVUSDT,SSV,USDT
LQTYUSDT,LQTY,USDT
LQTYBTC,LQTY,BTC
AMBUSDT,AMB,USDT
CFXTRY,CFX,TRY
STXTRY,STX,TRY
USTCUSDT,USTC,USDT
GASUSDT,GAS,USDT
GLMUSDT,GLM,USDT
PROMUSDT,PROM,USDT
QKCUSDT,QKC,USDT
UFTUSDT,UFT,USDT
IDBTC,ID,BTC
IDUSDT,ID,USDT
ARBBTC,ARB,BTC
ARBUSDT,ARB,USDT
OAXUSDT,OAX,USDT
ARBTUSD,ARB,TUSD
ARBTRY,ARB,TRY
ARBEUR,ARB,EUR
IDTRY,ID,TRY
SOLTUSD,SOL,TUSD
RDNTBTC,RDNT,BTC
RDNTUSDT,RDNT,USDT
MAGICTRY,MAGIC,TRY
USDTPLN,USDT,PLN
ACHTRY,ACH,TRY
XVSTRY,XVS,TRY
EGLDRON,EGLD,RON
USDTRON,USDT,RON
USDTARS,USDT,ARS
DOGETUSD,DOGE,TUSD
WBTCUSDT,WBTC,USDT
EDUUSDT,EDU,USDT
EDUBTC,EDU,BTC
EDUTRY,EDU,TRY
SUIUSDT,SUI,USDT
SUITUSD,SUI,TUSD
SUIBTC,SUI,BTC
SUIBNB,SUI,BNB
SUIEUR,SUI,EUR
SUITRY,SUI,TRY
AERGOUSDT,AERGO,USDT
PEPEUSDT,PEPE,USDT
PEPETUSD,PEPE,TUSD
FLOKIUSDT,FLOKI,USDT
OGTRY,OG,TRY
PEPETRY,PEPE,TRY
WBETHETH,WBETH,ETH
ASTUSDT,AST,USDT
SNTUSDT,SNT,USDT
FLOKITRY,FLOKI,TRY
CITYTRY,CITY,TRY
COMBOUSDT,COMBO,USDT
COMBOTRY,COMBO,TRY
LTCTRY,LTC,TRY
RADTRY,RAD,TRY
BTCARS,BTC,ARS
OPTRY,OP,TRY
PAXGTRY,PAXG,TRY
MAVBTC,MAV,BTC
MAVUSDT,MAV,USDT
PENDLEBTC,PENDLE,BTC
PENDLEUSDT,PENDLE,USDT
MAVTRY,MAV,TRY
TUSDTRY,TUSD,TRY
ARBETH,ARB,ETH
BCHTRY,BCH,TRY
XVGTRY,XVG,TRY
ARKMUSDT,ARKM,USDT
ARKMTRY,ARKM,TRY
ARKMBNB,ARKM,BNB
ARKMBTC,ARKM,BTC
WBETHUSDT,WBETH,USDT
ACATRY,ACA,TRY
COMPTRY,COMP,TRY
XECTRY,XEC,TRY
WLDUSDT,WLD,USDT
WLDBTC,WLD,BTC
BNBFDUSD,BNB,FDUSD
FDUSDUSDT,FDUSD,USDT
WLDTRY,WLD,TRY
AMPTRY,AMP,TRY
OGNTRY,OGN,TRY
BTCFDUSD,BTC,FDUSD
ETHFDUSD,ETH,FDUSD
ASRTRY,ASR,TRY
ATMTRY,ATM,TRY
ACMTRY,ACM,TRY
BARTRY,BAR,TRY
JUVTRY,JUV,TRY
PSGTRY,PSG,TRY
SEIBNB,SEI,BNB
SEIBTC,SEI,BTC
SEIFDUSD,SEI,FDUSD
SEITRY,SEI,TRY
SEIUSDT,SEI,USDT
CYBERBNB,CYBER,BNB
CYBERBTC,CYBER,BTC
CYBERFDUSD,CYBER,FDUSD
CYBERTRY,CYBER,TRY
CYBERUSDT,CYBER,USDT
CYBERTUSD,CYBER,TUSD
LPTTRY,LPT,TRY
UNITRY,UNI,TRY
SOLFDUSD,SOL,FDUSD
UNFITRY,UNFI,TRY
XRPFDUSD,XRP,FDUSD
DOGEFDUSD,DOGE,FDUSD
CYBERETH,CYBER,ETH
MTLTRY,MTL,TRY
ARKUSDT,ARK,USDT
CREAMUSDT,CREAM,USDT
GFTUSDT,GFT,USDT
IQUSDT,IQ,USDT
ARBFDUSD,ARB,FDUSD
FDUSDTRY,FDUSD,TRY
SUIFDUSD,SUI,FDUSD
NTRNUSDT,NTRN,USDT
NTRNBNB,NTRN,BNB
FILFDUSD,FIL,FDUSD
LEVERTRY,LEVER,TRY
LTCFDUSD,LTC,FDUSD
ADAFDUSD,ADA,FDUSD
TRBTRY,TRB,TRY
ATOMFDUSD,ATOM,FDUSD
AVAXFDUSD,AVAX,FDUSD
BCHFDUSD,BCH,FDUSD
DOTFDUSD,DOT,FDUSD
FTMFDUSD,FTM,FDUSD
LINKFDUSD,LINK,FDUSD
NEARFDUSD,NEAR,FDUSD
STRAXTRY,STRAX,TRY
TIABTC,TIA,BTC
TIAUSDT,TIA,USDT
TIATRY,TIA,TRY
MEMEUSDT,MEME,USDT
MEMEFDUSD,MEME,FDUSD
MEMETRY,MEME,TRY
ORDIBTC,ORDI,BTC
ORDIUSDT,ORDI,USDT
ORDITRY,ORDI,TRY
EGLDFDUSD,EGLD,FDUSD
FETFDUSD,FET,FDUSD
INJETH,INJ,ETH
OPFDUSD,OP,FDUSD
ORDIFDUSD,ORDI,FDUSD
BEAMXUSDT,BEAMX,USDT
ARKTRY,ARK,TRY
BEAMXTRY,BEAMX,TRY
CAKETRY,CAKE,TRY
DYDXFDUSD,DYDX,FDUSD
PIVXUSDT,PIVX,USDT
RUNEFDUSD,RUNE,FDUSD
GALAFDUSD,GALA,FDUSD
WLDFDUSD,WLD,FDUSD
GASTRY,GAS,TRY
NTRNTRY,NTRN,TRY
VICBTC,VIC,BTC
VICUSDT,VIC,USDT
VICTRY,VIC,TRY
BLURBTC,BLUR,BTC
BLURUSDT,BLUR,USDT
BLURTRY,BLUR,TRY
USTCFDUSD,USTC,FDUSD
USTCTRY,USTC,TRY
DYDXTRY,DYDX,TRY
VANRYUSDT,VANRY,USDT
VANRYBTC,VANRY,BTC
AEURUSDT,AEUR,USDT
EURAEUR,EUR,AEUR
AUCTIONFDUSD,AUCTION,FDUSD
LUNCTRY,LUNC,TRY
SUPERTRY,SUPER,TRY
JTOUSDT,JTO,USDT
JTOFDUSD,JTO,FDUSD
JTOTRY,JTO,TRY
1000SATSUSDT,1000SATS,USDT
1000SATSFDUSD,1000SATS,FDUSD
1000SATSTRY,1000SATS,TRY
SHIBFDUSD,SHIB,FDUSD
SANDFDUSD,SAND,FDUSD
IOTATRY,IOTA,TRY
INJFDUSD,INJ,FDUSD
FIDATRY,FIDA,TRY
BONKUSDT,BONK,USDT
BONKFDUSD,BONK,FDUSD
BONKTRY,BONK,TRY
ACEUSDT,ACE,USDT
ACEBTC,ACE,BTC
ACETRY,ACE,TRY
RARETRY,RARE,TRY
VANRYTRY,VANRY,TRY
NFPBTC,NFP,BTC
NFPUSDT,NFP,USDT
NFPFDUSD,NFP,FDUSD
NFPTRY,NFP,TRY
ARBUSDC,ARB,USDC
AVAXUSDC,AVAX,USDC
DOTUSDC,DOT,USDC
INJUSDC,INJ,USDC
OPUSDC,OP,USDC
ORDIUSDC,ORDI,USDC
AIBTC,AI,BTC
AIUSDT,AI,USDT
AIBNB,AI,BNB
AIFDUSD,AI,FDUSD
AITRY,AI,TRY
ICPFDUSD,ICP,FDUSD
LDOFDUSD,LDO,FDUSD
MOVRTRY,MOVR,TRY
XAIBTC,XAI,BTC
XAIUSDT,XAI,USDT
XAIFDUSD,XAI,FDUSD
XAITRY,XAI,TRY
SKLTRY,SKL,TRY
STXFDUSD,STX,FDUSD
TIAFDUSD,TIA,FDUSD
MANTABTC,MANTA,BTC
MANTAUSDT,MANTA,USDT
MANTAFDUSD,MANTA,FDUSD
MANTATRY,MANTA,TRY
ENSFDUSD,ENS,FDUSD
ETCFDUSD,ETC,FDUSD
SUIUSDC,SUI,USDC
TIAUSDC,TIA,USDC
CHZFDUSD,CHZ,FDUSD
MANTAUSDC,MANTA,USDC
ALTBTC,ALT,BTC
ALTUSDT,ALT,USDT
ALTBNB,ALT,BNB
ALTFDUSD,ALT,FDUSD
ALTTRY,ALT,TRY
APTFDUSD,APT,FDUSD
BLURUSDC,BLUR,USDC
JUPUSDT,JUP,USDT
JUPFDUSD,JUP,FDUSD
JUPTRY,JUP,TRY
ALTUSDC,ALT,USDC
SEIUSDC,SEI,USDC
PYTHBTC,PYTH,BTC
PYTHUSDT,PYTH,USDT
PYTHFDUSD,PYTH,FDUSD
PYTHTRY,PYTH,TRY
RONINBTC,RONIN,BTC
RONINUSDT,RONIN,USDT
RONINFDUSD,RONIN,FDUSD
RONINTRY,RONIN,TRY
DYMBTC,DYM,BTC
DYMUSDT,DYM,USDT
DYMTRY,DYM,TRY
JUPUSDC,JUP,USDC
PENDLEFDUSD,PENDLE,FDUSD
PIXELBTC,PIXEL,BTC
PIXELBNB,PIXEL,BNB
PIXELUSDT,PIXEL,USDT
PIXELFDUSD,PIXEL,FDUSD
PIXELTRY,PIXEL,TRY
STRKBTC,STRK,BTC
STRKUSDT,STRK,USDT
STRKFDUSD,STRK,FDUSD
STRKTRY,STRK,TRY
FILUSDC,FIL,USDC
HBARTRY,HBAR,TRY
PENDLETRY,PENDLE,TRY
WLDUSDC,WLD,USDC
CKBTRY,CKB,TRY
COTITRY,COTI,TRY
LDOTRY,LDO,TRY
UNIUSDC,UNI,USDC
PORTALBTC,PORTAL,BTC
PORTALUSDT,PORTAL,USDT
PORTALBNB,PORTAL,BNB
PORTALFDUSD,PORTAL,FDUSD
PORTALTRY,PORTAL,TRY
PDAUSDT,PDA,USDT
AXLBTC,AXL,BTC
AXLUSDT,AXL,USDT
AXLFDUSD,AXL,FDUSD
AXLTRY,AXL,TRY
PEPEFDUSD,PEPE,FDUSD
PIXELUSDC,PIXEL,USDC
STRKUSDC,STRK,USDC
UNIFDUSD,UNI,FDUSD
OMTRY,OM,TRY
THETATRY,THETA,TRY
WIFBTC,WIF,BTC
WIFUSDT,WIF,USDT
WIFFDUSD,WIF,FDUSD
WIFTRY,WIF,TRY
PEPEUSDC,PEPE,USDC
SHIBUSDC,SHIB,USDC
THETAFDUSD,THETA,FDUSD
ARTRY,AR,TRY
METISUSDT,METIS,USDT
METISTRY,METIS,TRY
BNBJPY,BNB,JPY
BTCJPY,BTC,JPY
ETHJPY,ETH,JPY
FLOKIFDUSD,FLOKI,FDUSD
GRTFDUSD,GRT,FDUSD
NEARUSDC,NEAR,USDC
SNXTRY,SNX,TRY
AEVOBTC,AEVO,BTC
AEVOUSDT,AEVO,USDT
AEVOFDUSD,AEVO,FDUSD
AEVOTRY,AEVO,TRY
FETUSDC,FET,USDC
EURUSDC,EUR,USDC
BOMETRY,BOME,TRY
BOMEBTC,BOME,BTC
BOMEUSDT,BOME,USDT
BOMEFDUSD,BOME,FDUSD
ETHFIBTC,ETHFI,BTC
ETHFIUSDT,ETHFI,USDT
ETHFIFDUSD,ETHFI,FDUSD
ETHFITRY,ETHFI,TRY
AAVETRY,AAVE,TRY
ARKMFDUSD,ARKM,FDUSD
CRVTRY,CRV,TRY
FETBRL,FET,BRL
RAYFDUSD,RAY,FDUSD
BONKUSDC,BONK,USDC
FLOKIUSDC,FLOKI,USDC
MKRTRY,MKR,TRY
RAYTRY,RAY,TRY
ENABTC,ENA,BTC
ENAUSDT,ENA,USDT
ENABNB,ENA,BNB
ENAFDUSD,ENA,FDUSD
ENATRY,ENA,TRY
MASKTRY,MASK,TRY
PENDLEUSDC,PENDLE,USDC
RDNTTRY,RDNT,TRY
WBTC,W,BTC
WUSDT,W,USDT
WFDUSD,W,FDUSD
WTRY,W,TRY
BOMEUSDC,BOME,USDC
JTOUSDC,JTO,USDC
WIFUSDC,WIF,USDC
TNSRBTC,TNSR,BTC
TNSRUSDT,TNSR,USDT
TNSRFDUSD,TNSR,FDUSD
TNSRTRY,TNSR,TRY
SAGABTC,SAGA,BTC
SAGAUSDT,SAGA,USDT
SAGABNB,SAGA,BNB
SAGAFDUSD,SAGA,FDUSD
SAGATRY,SAGA,TRY
USDTMXN,USDT,MXN
CKBUSDC,CKB,USDC
ENAUSDC,ENA,USDC
ETHFIUSDC,ETHFI,USDC
YGGUSDC,YGG,USDC
USDTCZK,USDT,CZK
TAOBTC,TAO,BTC
TAOUSDT,TAO,USDT
TAOFDUSD,TAO,FDUSD
TAOTRY,TAO,TRY
CFXUSDC,CFX,USDC
RUNEUSDC,RUNE,USDC
SAGAUSDC,SAGA,USDC
POLYXTRY,POLYX,TRY
OMNIBTC,OMNI,BTC
OMNIUSDT,OMNI,USDT
OMNIFDUSD,OMNI,FDUSD
OMNITRY,OMNI,TRY
APTUSDC,APT,USDC
GALAUSDC,GALA,USDC
STXUSDC,STX,USDC
ICPUSDC,ICP,USDC
OMNIUSDC,OMNI,USDC
PEPEBRL,PEPE,BRL
YGGTRY,YGG,TRY
ADAJPY,ADA,JPY
SHIBJPY,SHIB,JPY
SOLJPY,SOL,JPY
XRPJPY,XRP,JPY
REZBTC,REZ,BTC
REZUSDT,REZ,USDT
REZFDUSD,REZ,FDUSD
REZTRY,REZ,TRY
EGLDTRY,EGLD,TRY
PHBTRY,PHB,TRY
RSRTRY,RSR,TRY
BBBTC,BB,BTC
BBUSDT,BB,USDT
BBBNB,BB,BNB
BBFDUSD,BB,FDUSD
BBTRY,BB,TRY
PEOPLETRY,PEOPLE,TRY
TRBUSDC,TRB,USDC
NOTUSDT,NOT,USDT
NOTBNB,NOT,BNB
NOTFDUSD,NOT,FDUSD
NOTTRY,NOT,TRY
ARKMUSDC,ARKM,USDC
ARUSDC,AR,USDC
BBUSDC,BB,USDC
CRVUSDC,CRV,USDC
PEOPLEUSDC,PEOPLE,USDC
ARFDUSD,AR,FDUSD
PEPEEUR,PEPE,EUR
REZUSDC,REZ,USDC
USDCTRY,USDC,TRY
BTCMXN,BTC,MXN
XRPMXN,XRP,MXN
ENSUSDC,ENS,USDC
LDOUSDC,LDO,USDC
NOTUSDC,NOT,USDC
NEARBRL,NEAR,BRL
HIGHTRY,HIGH,TRY
PEOPLEFDUSD,PEOPLE,FDUSD
TNSRUSDC,TNSR,USDC
USDTCOP,USDT,COP
IOBTC,IO,BTC
IOUSDT,IO,USDT
IOBNB,IO,BNB
IOFDUSD,IO,FDUSD
IOTRY,IO,TRY
NOTBRL,NOT,BRL
TRUTRY,TRU,TRY
WIFEUR,WIF,EUR
ZKBTC,ZK,BTC
ZKUSDT,ZK,USDT
ZKFDUSD,ZK,FDUSD
ZKTRY,ZK,TRY
LISTAUSDT,LISTA,USDT
LISTABNB,LISTA,BNB
LISTAFDUSD,LISTA,FDUSD
LISTATRY,LISTA,TRY
ZROBTC,ZRO,BTC
ZROUSDT,ZRO,USDT
ZROFDUSD,ZRO,FDUSD
ZROTRY,ZRO,TRY
LISTABRL,LISTA,BRL
BAKETRY,BAKE,TRY
WIFBRL,WIF,BRL
ZKUSDC,ZK,USDC
ZROUSDC,ZRO,USDC
IOUSDC,IO,USDC
1000SATSUSDC,1000SATS,USDC
BNXTRY,BNX,TRY
ETHARS,ETH,ARS
GUSDT,G,USDT
GTRY,G,TRY
BANANABTC,BANANA,BTC
BANANAUSDT,BANANA,USDT
BANANABNB,BANANA,BNB
BANANAFDUSD,BANANA,FDUSD
BANANATRY,BANANA,TRY
RENDERBTC,RENDER,BTC
RENDERUSDT,RENDER,USDT
RENDERFDUSD,RENDER,FDUSD
RENDERUSDC,RENDER,USDC
RENDERTRY,RENDER,TRY
RENDEREUR,RENDER,EUR
RENDERBRL,RENDER,BRL
TONBTC,TON,BTC
TONUSDT,TON,USDT
TONFDUSD,TON,FDUSD
TONTRY,TON,TRY
BONKBRL,BONK,BRL
NOTEUR,NOT,EUR
DOGEJPY,DOGE,JPY
NEARJPY,NEAR,JPY
TONUSDC,TON,USDC
AAVEFDUSD,AAVE,FDUSD
DOGSUSDT,DOGS,USDT
DOGSBNB,DOGS,BNB
DOGSFDUSD,DOGS,FDUSD
DOGSTRY,DOGS,TRY
EUREURI,EUR,EURI
EURIUSDT,EURI,USDT
DOGSBRL,DOGS,BRL
DOGSUSDC,DOGS,USDC
RAREBRL,RARE,BRL
RAREUSDC,RARE,USDC
SLFBTC,SLF,BTC
SLFTRY,SLF,TRY
SLFUSDC,SLF,USDC
SLFUSDT,SLF,USDT
AAVEUSDC,AAVE,USDC
SUNTRY,SUN,TRY
STMXTRY,STMX,TRY
POLBNB,POL,BNB
POLBRL,POL,BRL
POLBTC,POL,BTC
POLETH,POL,ETH
POLEUR,POL,EUR
POLFDUSD,POL,FDUSD
POLJPY,POL,JPY
POLTRY,POL,TRY
POLUSDC,POL,USDC
POLUSDT,POL,USDT
NEIROUSDT,NEIRO,USDT
TURBOUSDT,TURBO,USDT
1MBABYDOGEUSDT,1MBABYDOGE,USDT
CATIUSDT,CATI,USDT
CATIBNB,CATI,BNB
CATIFDUSD,CATI,FDUSD
CATITRY,CATI,TRY
1MBABYDOGEFDUSD,1MBABYDOGE,FDUSD
1MBABYDOGETRY,1MBABYDOGE,TRY
CATIBRL,CATI,BRL
BTCEURI,BTC,EURI
NEIROFDUSD,NEIRO,FDUSD
NEIROTRY,NEIRO,TRY
HMSTRUSDT,HMSTR,USDT
HMSTRBNB,HMSTR,BNB
HMSTRFDUSD,HMSTR,FDUSD
HMSTRTRY,HMSTR,TRY
EIGENBTC,EIGEN,BTC
EIGENUSDT,EIGEN,USDT
EIGENFDUSD,EIGEN,FDUSD
EIGENTRY,EIGEN,TRY
NEIROBRL,NEIRO,BRL
NEIROEUR,NEIRO,EUR
BNSOLSOL,BNSOL,SOL
SCRUSDT,SCR,USDT
SUIBRL,SUI,BRL
TURBOTRY,TURBO,TRY
BNSOLUSDT,BNSOL,USDT
LUMIAUSDT,LUMIA,USDT
SCRBTC,SCR,BTC
SCRFDUSD,SCR,FDUSD
SCRTRY,SCR,TRY
KAIAUSDT,KAIA,USDT
